,edad,horas_ejercicio,peso,estres,ingresos,horas_tv,presion_arterial
edad,1.0,-0.19592820595264124,-0.0003608618179713614,-0.17486343352845626,-0.11486332726487694,0.13998367599078382,0.4187305870480396
horas_ejercicio,-0.19592820595264124,1.0,-0.021881530987532892,-0.0412158024203058,-0.0054036822883229705,0.058044948065935076,-0.3588645916139401
peso,-0.0003608618179713614,-0.021881530987532892,1.0,0.0563416137324884,-0.018637516332222978,0.012097614807747886,0.5888431102448561
estres,-0.17486343352845626,-0.0412158024203058,0.0563416137324884,1.0,-0.07914544260890558,-0.13002762818544,0.3663682800438145
ingresos,-0.11486332726487694,-0.0054036822883229705,-0.018637516332222978,-0.07914544260890558,1.0,-0.03499224787094338,-0.009393514827762043
horas_tv,0.13998367599078382,0.058044948065935076,0.012097614807747886,-0.13002762818544,-0.03499224787094338,1.0,0.04078897574164743
presion_arterial,0.4187305870480396,-0.3588645916139401,0.5888431102448561,0.3663682800438145,-0.009393514827762043,0.04078897574164743,1.0
